{
  "화북면": 726.0606061,
  "남부동": 1514.018692,
  "고경면": 978.1818182,
  "청통면": 1718.357031,
  "임고면": 779.542331,
  "금호읍": 94.28950863,
  "화산면": 747.980742,
  "동부동": 874.0546218,
  "중앙동": 40.18691589
}